{
  "project_info": {
    "project_number": "962380143014",
    "firebase_url": "https://amazingmarry-fbc7a.firebaseio.com",
    "project_id": "amazingmarry-fbc7a",
    "storage_bucket": "amazingmarry-fbc7a.appspot.com"
  },
  "client": [
    {
      "client_info": {
        "mobilesdk_app_id": "1:962380143014:android:7b6cd50d36fffca6",
        "android_client_info": {
          "package_name": "com.appzdigital.amazingmarry"
        }
      },
      "oauth_client": [
        {
          "client_id": "962380143014-8p0o04jkh89mefngt98e8jkaqh4hb8f8.apps.googleusercontent.com",
          "client_type": 3
        }
      ],
      "api_key": [
        {
          "current_key": "AIzaSyBGc0ep-jyNfpTZMTqCFhzLePYWudAacRI"
        }
      ],
      "services": {
        "appinvite_service": {
          "other_platform_oauth_client": [
            {
              "client_id": "962380143014-8p0o04jkh89mefngt98e8jkaqh4hb8f8.apps.googleusercontent.com",
              "client_type": 3
            }
          ]
        }
      }
    }
  ],
  "configuration_version": "1"
}